"","series_id","units","value","date","year","month","change_first_order","change_second_order"
"1","TOTAL.OGNRPUS.M","Number of Rigs",790,2020-02-01,2020,2,NA,NA
"2","TOTAL.OGNRPUS.M","Number of Rigs",791,2020-01-01,2020,1,0.0013,NA
"3","TOTAL.OGNRPUS.M","Number of Rigs",804,2019-12-01,2019,12,0.0164,11.6153846153846
"4","TOTAL.OGNRPUS.M","Number of Rigs",810,2019-11-01,2019,11,0.0075,-0.542682926829268
"5","TOTAL.OGNRPUS.M","Number of Rigs",848,2019-10-01,2019,10,0.0469,5.25333333333333
"6","TOTAL.OGNRPUS.M","Number of Rigs",878,2019-09-01,2019,9,0.0354,-0.245202558635394
"7","TOTAL.OGNRPUS.M","Number of Rigs",926,2019-08-01,2019,8,0.0547,0.545197740112994
"8","TOTAL.OGNRPUS.M","Number of Rigs",955,2019-07-01,2019,7,0.0313,-0.427787934186472
"9","TOTAL.OGNRPUS.M","Number of Rigs",970,2019-06-01,2019,6,0.0157,-0.498402555910543
"10","TOTAL.OGNRPUS.M","Number of Rigs",986,2019-05-01,2019,5,0.0165,0.050955414012739
"11","TOTAL.OGNRPUS.M","Number of Rigs",1013,2019-04-01,2019,4,0.0274,0.660606060606061
"12","TOTAL.OGNRPUS.M","Number of Rigs",1023,2019-03-01,2019,3,0.0099,-0.638686131386861
"13","TOTAL.OGNRPUS.M","Number of Rigs",1048,2019-02-01,2019,2,0.0244,1.46464646464646
"14","TOTAL.OGNRPUS.M","Number of Rigs",1065,2019-01-01,2019,1,0.0162,-0.336065573770492
"15","TOTAL.OGNRPUS.M","Number of Rigs",1077,2018-12-01,2018,12,0.0113,-0.302469135802469
"16","TOTAL.OGNRPUS.M","Number of Rigs",1077,2018-11-01,2018,11,0,-1
"17","TOTAL.OGNRPUS.M","Number of Rigs",1063,2018-10-01,2018,10,-0.013,0
"18","TOTAL.OGNRPUS.M","Number of Rigs",1053,2018-09-01,2018,9,-0.0094,-0.276923076923077
"19","TOTAL.OGNRPUS.M","Number of Rigs",1050,2018-08-01,2018,8,-0.0028,-0.702127659574468
"20","TOTAL.OGNRPUS.M","Number of Rigs",1050,2018-07-01,2018,7,0,-1
"21","TOTAL.OGNRPUS.M","Number of Rigs",1056,2018-06-01,2018,6,0.0057,0
"22","TOTAL.OGNRPUS.M","Number of Rigs",1046,2018-05-01,2018,5,-0.0095,-2.66666666666667
"23","TOTAL.OGNRPUS.M","Number of Rigs",1011,2018-04-01,2018,4,-0.0335,2.52631578947368
"24","TOTAL.OGNRPUS.M","Number of Rigs",989,2018-03-01,2018,3,-0.0218,-0.349253731343284
"25","TOTAL.OGNRPUS.M","Number of Rigs",969,2018-02-01,2018,2,-0.0202,-0.0733944954128441
"26","TOTAL.OGNRPUS.M","Number of Rigs",937,2018-01-01,2018,1,-0.033,0.633663366336634
"27","TOTAL.OGNRPUS.M","Number of Rigs",930,2017-12-01,2017,12,-0.0075,-0.772727272727273
"28","TOTAL.OGNRPUS.M","Number of Rigs",911,2017-11-01,2017,11,-0.0204,1.72
"29","TOTAL.OGNRPUS.M","Number of Rigs",922,2017-10-01,2017,10,0.0121,-1.59313725490196
"30","TOTAL.OGNRPUS.M","Number of Rigs",940,2017-09-01,2017,9,0.0195,0.611570247933884
"31","TOTAL.OGNRPUS.M","Number of Rigs",947,2017-08-01,2017,8,0.0074,-0.620512820512821
"32","TOTAL.OGNRPUS.M","Number of Rigs",953,2017-07-01,2017,7,0.0063,-0.148648648648649
"33","TOTAL.OGNRPUS.M","Number of Rigs",931,2017-06-01,2017,6,-0.0231,-4.66666666666667
"34","TOTAL.OGNRPUS.M","Number of Rigs",893,2017-05-01,2017,5,-0.0408,0.766233766233766
"35","TOTAL.OGNRPUS.M","Number of Rigs",853,2017-04-01,2017,4,-0.0448,0.0980392156862744
"36","TOTAL.OGNRPUS.M","Number of Rigs",789,2017-03-01,2017,3,-0.075,0.674107142857143
"37","TOTAL.OGNRPUS.M","Number of Rigs",744,2017-02-01,2017,2,-0.057,-0.24
"38","TOTAL.OGNRPUS.M","Number of Rigs",683,2017-01-01,2017,1,-0.082,0.43859649122807
"39","TOTAL.OGNRPUS.M","Number of Rigs",634,2016-12-01,2016,12,-0.0717,-0.125609756097561
"40","TOTAL.OGNRPUS.M","Number of Rigs",580,2016-11-01,2016,11,-0.0852,0.188284518828452
"41","TOTAL.OGNRPUS.M","Number of Rigs",543,2016-10-01,2016,10,-0.0638,-0.251173708920188
"42","TOTAL.OGNRPUS.M","Number of Rigs",509,2016-09-01,2016,9,-0.0626,-0.018808777429467
"43","TOTAL.OGNRPUS.M","Number of Rigs",481,2016-08-01,2016,8,-0.055,-0.121405750798722
"44","TOTAL.OGNRPUS.M","Number of Rigs",449,2016-07-01,2016,7,-0.0665,0.209090909090909
"45","TOTAL.OGNRPUS.M","Number of Rigs",417,2016-06-01,2016,6,-0.0713,0.0721804511278195
"46","TOTAL.OGNRPUS.M","Number of Rigs",407,2016-05-01,2016,5,-0.024,-0.663394109396914
"47","TOTAL.OGNRPUS.M","Number of Rigs",437,2016-04-01,2016,4,0.0737,-4.07083333333333
"48","TOTAL.OGNRPUS.M","Number of Rigs",477,2016-03-01,2016,3,0.0915,0.241519674355495
"49","TOTAL.OGNRPUS.M","Number of Rigs",532,2016-02-01,2016,2,0.1153,0.260109289617486
"50","TOTAL.OGNRPUS.M","Number of Rigs",643,2016-01-01,2016,1,0.2086,0.809193408499566
"51","TOTAL.OGNRPUS.M","Number of Rigs",711,2015-12-01,2015,12,0.1058,-0.4928092042186
"52","TOTAL.OGNRPUS.M","Number of Rigs",760,2015-11-01,2015,11,0.0689,-0.348771266540643
"53","TOTAL.OGNRPUS.M","Number of Rigs",791,2015-10-01,2015,10,0.0408,-0.407837445573295
"54","TOTAL.OGNRPUS.M","Number of Rigs",848,2015-09-01,2015,9,0.0721,0.767156862745098
"55","TOTAL.OGNRPUS.M","Number of Rigs",883,2015-08-01,2015,8,0.0413,-0.427184466019417
"56","TOTAL.OGNRPUS.M","Number of Rigs",866,2015-07-01,2015,7,-0.0193,-1.46731234866828
"57","TOTAL.OGNRPUS.M","Number of Rigs",861,2015-06-01,2015,6,-0.0058,-0.699481865284974
"58","TOTAL.OGNRPUS.M","Number of Rigs",889,2015-05-01,2015,5,0.0325,-6.60344827586207
"59","TOTAL.OGNRPUS.M","Number of Rigs",976,2015-04-01,2015,4,0.0979,2.01230769230769
"60","TOTAL.OGNRPUS.M","Number of Rigs",1109,2015-03-01,2015,3,0.1363,0.392236976506639
"61","TOTAL.OGNRPUS.M","Number of Rigs",1348,2015-02-01,2015,2,0.2155,0.581071166544387
"62","TOTAL.OGNRPUS.M","Number of Rigs",1683,2015-01-01,2015,1,0.2485,0.153132250580046
"63","TOTAL.OGNRPUS.M","Number of Rigs",1882,2014-12-01,2014,12,0.1182,-0.524346076458753
"64","TOTAL.OGNRPUS.M","Number of Rigs",1925,2014-11-01,2014,11,0.0228,-0.807106598984772
"65","TOTAL.OGNRPUS.M","Number of Rigs",1924,2014-10-01,2014,10,-5e-04,-1.0219298245614
"66","TOTAL.OGNRPUS.M","Number of Rigs",1930,2014-09-01,2014,9,0.0031,-7.2
"67","TOTAL.OGNRPUS.M","Number of Rigs",1904,2014-08-01,2014,8,-0.0135,-5.35483870967742
"68","TOTAL.OGNRPUS.M","Number of Rigs",1876,2014-07-01,2014,7,-0.0147,0.0888888888888889
"69","TOTAL.OGNRPUS.M","Number of Rigs",1861,2014-06-01,2014,6,-0.008,-0.45578231292517
"70","TOTAL.OGNRPUS.M","Number of Rigs",1859,2014-05-01,2014,5,-0.0011,-0.8625
"71","TOTAL.OGNRPUS.M","Number of Rigs",1835,2014-04-01,2014,4,-0.0129,10.7272727272727
"72","TOTAL.OGNRPUS.M","Number of Rigs",1803,2014-03-01,2014,3,-0.0174,0.348837209302325
"73","TOTAL.OGNRPUS.M","Number of Rigs",1769,2014-02-01,2014,2,-0.0189,0.0862068965517242
"74","TOTAL.OGNRPUS.M","Number of Rigs",1769,2014-01-01,2014,1,0,-1
"75","TOTAL.OGNRPUS.M","Number of Rigs",1771,2013-12-01,2013,12,0.0011,0
"76","TOTAL.OGNRPUS.M","Number of Rigs",1756,2013-11-01,2013,11,-0.0085,-8.72727272727273
"77","TOTAL.OGNRPUS.M","Number of Rigs",1744,2013-10-01,2013,10,-0.0068,-0.2
"78","TOTAL.OGNRPUS.M","Number of Rigs",1760,2013-09-01,2013,9,0.0092,-2.35294117647059
"79","TOTAL.OGNRPUS.M","Number of Rigs",1781,2013-08-01,2013,8,0.0119,0.293478260869565
"80","TOTAL.OGNRPUS.M","Number of Rigs",1766,2013-07-01,2013,7,-0.0084,-1.70588235294118
"81","TOTAL.OGNRPUS.M","Number of Rigs",1761,2013-06-01,2013,6,-0.0028,-0.666666666666667
"82","TOTAL.OGNRPUS.M","Number of Rigs",1767,2013-05-01,2013,5,0.0034,-2.21428571428571
"83","TOTAL.OGNRPUS.M","Number of Rigs",1755,2013-04-01,2013,4,-0.0068,-3
"84","TOTAL.OGNRPUS.M","Number of Rigs",1756,2013-03-01,2013,3,6e-04,-1.08823529411765
"85","TOTAL.OGNRPUS.M","Number of Rigs",1762,2013-02-01,2013,2,0.0034,4.66666666666667
"86","TOTAL.OGNRPUS.M","Number of Rigs",1756,2013-01-01,2013,1,-0.0034,-2
"87","TOTAL.OGNRPUS.M","Number of Rigs",1784,2012-12-01,2012,12,0.0159,-5.67647058823529
"88","TOTAL.OGNRPUS.M","Number of Rigs",1809,2012-11-01,2012,11,0.014,-0.119496855345912
"89","TOTAL.OGNRPUS.M","Number of Rigs",1834,2012-10-01,2012,10,0.0138,-0.0142857142857143
"90","TOTAL.OGNRPUS.M","Number of Rigs",1859,2012-09-01,2012,9,0.0136,-0.0144927536231884
"91","TOTAL.OGNRPUS.M","Number of Rigs",1913,2012-08-01,2012,8,0.029,1.13235294117647
"92","TOTAL.OGNRPUS.M","Number of Rigs",1944,2012-07-01,2012,7,0.0162,-0.441379310344828
"93","TOTAL.OGNRPUS.M","Number of Rigs",1972,2012-06-01,2012,6,0.0144,-0.111111111111111
"94","TOTAL.OGNRPUS.M","Number of Rigs",1977,2012-05-01,2012,5,0.0025,-0.826388888888889
"95","TOTAL.OGNRPUS.M","Number of Rigs",1961,2012-04-01,2012,4,-0.0081,-4.24
"96","TOTAL.OGNRPUS.M","Number of Rigs",1979,2012-03-01,2012,3,0.0092,-2.1358024691358
"97","TOTAL.OGNRPUS.M","Number of Rigs",1990,2012-02-01,2012,2,0.0056,-0.391304347826087
"98","TOTAL.OGNRPUS.M","Number of Rigs",2003,2012-01-01,2012,1,0.0065,0.160714285714286
"99","TOTAL.OGNRPUS.M","Number of Rigs",2003,2011-12-01,2011,12,0,-1
"100","TOTAL.OGNRPUS.M","Number of Rigs",2011,2011-11-01,2011,11,0.004,0
"101","TOTAL.OGNRPUS.M","Number of Rigs",2017,2011-10-01,2011,10,0.003,-0.25
"102","TOTAL.OGNRPUS.M","Number of Rigs",1978,2011-09-01,2011,9,-0.0193,-7.43333333333333
"103","TOTAL.OGNRPUS.M","Number of Rigs",1957,2011-08-01,2011,8,-0.0106,-0.450777202072539
"104","TOTAL.OGNRPUS.M","Number of Rigs",1900,2011-07-01,2011,7,-0.0291,1.74528301886792
"105","TOTAL.OGNRPUS.M","Number of Rigs",1863,2011-06-01,2011,6,-0.0195,-0.329896907216495
"106","TOTAL.OGNRPUS.M","Number of Rigs",1836,2011-05-01,2011,5,-0.0145,-0.256410256410256
"107","TOTAL.OGNRPUS.M","Number of Rigs",1790,2011-04-01,2011,4,-0.0251,0.731034482758621
"108","TOTAL.OGNRPUS.M","Number of Rigs",1720,2011-03-01,2011,3,-0.0391,0.557768924302789
"109","TOTAL.OGNRPUS.M","Number of Rigs",1718,2011-02-01,2011,2,-0.0012,-0.969309462915601
"110","TOTAL.OGNRPUS.M","Number of Rigs",1711,2011-01-01,2011,1,-0.0041,2.41666666666667
"111","TOTAL.OGNRPUS.M","Number of Rigs",1711,2010-12-01,2010,12,0,-1
"112","TOTAL.OGNRPUS.M","Number of Rigs",1683,2010-11-01,2010,11,-0.0164,0
"113","TOTAL.OGNRPUS.M","Number of Rigs",1668,2010-10-01,2010,10,-0.0089,-0.457317073170732
"114","TOTAL.OGNRPUS.M","Number of Rigs",1655,2010-09-01,2010,9,-0.0078,-0.123595505617978
"115","TOTAL.OGNRPUS.M","Number of Rigs",1638,2010-08-01,2010,8,-0.0103,0.320512820512821
"116","TOTAL.OGNRPUS.M","Number of Rigs",1573,2010-07-01,2010,7,-0.0397,2.85436893203884
"117","TOTAL.OGNRPUS.M","Number of Rigs",1531,2010-06-01,2010,6,-0.0267,-0.327455919395466
"118","TOTAL.OGNRPUS.M","Number of Rigs",1513,2010-05-01,2010,5,-0.0118,-0.558052434456929
"119","TOTAL.OGNRPUS.M","Number of Rigs",1479,2010-04-01,2010,4,-0.0225,0.906779661016949
"120","TOTAL.OGNRPUS.M","Number of Rigs",1419,2010-03-01,2010,3,-0.0406,0.804444444444444
"121","TOTAL.OGNRPUS.M","Number of Rigs",1350,2010-02-01,2010,2,-0.0486,0.197044334975369
"122","TOTAL.OGNRPUS.M","Number of Rigs",1267,2010-01-01,2010,1,-0.0615,0.265432098765432
"123","TOTAL.OGNRPUS.M","Number of Rigs",1172,2009-12-01,2009,12,-0.075,0.219512195121951
"124","TOTAL.OGNRPUS.M","Number of Rigs",1107,2009-11-01,2009,11,-0.0555,-0.26
"125","TOTAL.OGNRPUS.M","Number of Rigs",1044,2009-10-01,2009,10,-0.0569,0.0252252252252252
"126","TOTAL.OGNRPUS.M","Number of Rigs",1009,2009-09-01,2009,9,-0.0335,-0.411247803163445
"127","TOTAL.OGNRPUS.M","Number of Rigs",980,2009-08-01,2009,8,-0.0287,-0.143283582089552
"128","TOTAL.OGNRPUS.M","Number of Rigs",931,2009-07-01,2009,7,-0.05,0.742160278745645
"129","TOTAL.OGNRPUS.M","Number of Rigs",895,2009-06-01,2009,6,-0.0387,-0.226
"130","TOTAL.OGNRPUS.M","Number of Rigs",918,2009-05-01,2009,5,0.0257,-1.6640826873385
"131","TOTAL.OGNRPUS.M","Number of Rigs",995,2009-04-01,2009,4,0.0839,2.26459143968872
"132","TOTAL.OGNRPUS.M","Number of Rigs",1105,2009-03-01,2009,3,0.1106,0.31823599523242
"133","TOTAL.OGNRPUS.M","Number of Rigs",1320,2009-02-01,2009,2,0.1946,0.759493670886076
"134","TOTAL.OGNRPUS.M","Number of Rigs",1553,2009-01-01,2009,1,0.1765,-0.0930113052415211
"135","TOTAL.OGNRPUS.M","Number of Rigs",1782,2008-12-01,2008,12,0.1475,-0.164305949008499
"136","TOTAL.OGNRPUS.M","Number of Rigs",1935,2008-11-01,2008,11,0.0859,-0.417627118644068
"137","TOTAL.OGNRPUS.M","Number of Rigs",1976,2008-10-01,2008,10,0.0212,-0.753201396973225
"138","TOTAL.OGNRPUS.M","Number of Rigs",2014,2008-09-01,2008,9,0.0192,-0.0943396226415095
"139","TOTAL.OGNRPUS.M","Number of Rigs",1987,2008-08-01,2008,8,-0.0134,-1.69791666666667
"140","TOTAL.OGNRPUS.M","Number of Rigs",1932,2008-07-01,2008,7,-0.0277,1.06716417910448
"141","TOTAL.OGNRPUS.M","Number of Rigs",1902,2008-06-01,2008,6,-0.0155,-0.44043321299639
"142","TOTAL.OGNRPUS.M","Number of Rigs",1863,2008-05-01,2008,5,-0.0205,0.32258064516129
"143","TOTAL.OGNRPUS.M","Number of Rigs",1829,2008-04-01,2008,4,-0.0183,-0.107317073170732
"144","TOTAL.OGNRPUS.M","Number of Rigs",1797,2008-03-01,2008,3,-0.0175,-0.0437158469945354
"145","TOTAL.OGNRPUS.M","Number of Rigs",1765,2008-02-01,2008,2,-0.0178,0.017142857142857
"146","TOTAL.OGNRPUS.M","Number of Rigs",1749,2008-01-01,2008,1,-0.0091,-0.48876404494382
"147","TOTAL.OGNRPUS.M","Number of Rigs",1811,2007-12-01,2007,12,0.0354,-4.89010989010989
"148","TOTAL.OGNRPUS.M","Number of Rigs",1798,2007-11-01,2007,11,-0.0072,-1.20338983050847
"149","TOTAL.OGNRPUS.M","Number of Rigs",1762,2007-10-01,2007,10,-0.02,1.77777777777778
"150","TOTAL.OGNRPUS.M","Number of Rigs",1783,2007-09-01,2007,9,0.0119,-1.595
"151","TOTAL.OGNRPUS.M","Number of Rigs",1804,2007-08-01,2007,8,0.0118,-0.00840336134453791
"152","TOTAL.OGNRPUS.M","Number of Rigs",1777,2007-07-01,2007,7,-0.015,-2.27118644067797
"153","TOTAL.OGNRPUS.M","Number of Rigs",1771,2007-06-01,2007,6,-0.0034,-0.773333333333333
"154","TOTAL.OGNRPUS.M","Number of Rigs",1748,2007-05-01,2007,5,-0.013,2.82352941176471
"155","TOTAL.OGNRPUS.M","Number of Rigs",1750,2007-04-01,2007,4,0.0011,-1.08461538461538
"156","TOTAL.OGNRPUS.M","Number of Rigs",1749,2007-03-01,2007,3,-6e-04,-1.54545454545455
"157","TOTAL.OGNRPUS.M","Number of Rigs",1736,2007-02-01,2007,2,-0.0074,11.3333333333333
"158","TOTAL.OGNRPUS.M","Number of Rigs",1714,2007-01-01,2007,1,-0.0127,0.716216216216216
"159","TOTAL.OGNRPUS.M","Number of Rigs",1718,2006-12-01,2006,12,0.0023,-1.18110236220472
"160","TOTAL.OGNRPUS.M","Number of Rigs",1706,2006-11-01,2006,11,-0.007,-4.04347826086956
"161","TOTAL.OGNRPUS.M","Number of Rigs",1734,2006-10-01,2006,10,0.0164,-3.34285714285714
"162","TOTAL.OGNRPUS.M","Number of Rigs",1739,2006-09-01,2006,9,0.0029,-0.823170731707317
"163","TOTAL.OGNRPUS.M","Number of Rigs",1738,2006-08-01,2006,8,-6e-04,-1.20689655172414
"164","TOTAL.OGNRPUS.M","Number of Rigs",1681,2006-07-01,2006,7,-0.0328,53.6666666666667
"165","TOTAL.OGNRPUS.M","Number of Rigs",1665,2006-06-01,2006,6,-0.0095,-0.710365853658537
"166","TOTAL.OGNRPUS.M","Number of Rigs",1635,2006-05-01,2006,5,-0.018,0.894736842105263
"167","TOTAL.OGNRPUS.M","Number of Rigs",1597,2006-04-01,2006,4,-0.0232,0.288888888888889
"168","TOTAL.OGNRPUS.M","Number of Rigs",1551,2006-03-01,2006,3,-0.0288,0.241379310344828
"169","TOTAL.OGNRPUS.M","Number of Rigs",1533,2006-02-01,2006,2,-0.0116,-0.597222222222222
"170","TOTAL.OGNRPUS.M","Number of Rigs",1473,2006-01-01,2006,1,-0.0391,2.37068965517241
"171","TOTAL.OGNRPUS.M","Number of Rigs",1470,2005-12-01,2005,12,-0.002,-0.948849104859335
"172","TOTAL.OGNRPUS.M","Number of Rigs",1486,2005-11-01,2005,11,0.0109,-6.45
"173","TOTAL.OGNRPUS.M","Number of Rigs",1479,2005-10-01,2005,10,-0.0047,-1.43119266055046
"174","TOTAL.OGNRPUS.M","Number of Rigs",1452,2005-09-01,2005,9,-0.0183,2.8936170212766
"175","TOTAL.OGNRPUS.M","Number of Rigs",1436,2005-08-01,2005,8,-0.011,-0.398907103825137
"176","TOTAL.OGNRPUS.M","Number of Rigs",1398,2005-07-01,2005,7,-0.0265,1.40909090909091
"177","TOTAL.OGNRPUS.M","Number of Rigs",1355,2005-06-01,2005,6,-0.0308,0.162264150943396
"178","TOTAL.OGNRPUS.M","Number of Rigs",1320,2005-05-01,2005,5,-0.0258,-0.162337662337662
"179","TOTAL.OGNRPUS.M","Number of Rigs",1334,2005-04-01,2005,4,0.0106,-1.41085271317829
"180","TOTAL.OGNRPUS.M","Number of Rigs",1306,2005-03-01,2005,3,-0.021,-2.9811320754717
"181","TOTAL.OGNRPUS.M","Number of Rigs",1276,2005-02-01,2005,2,-0.023,0.0952380952380951
"182","TOTAL.OGNRPUS.M","Number of Rigs",1255,2005-01-01,2005,1,-0.0165,-0.282608695652174
"183","TOTAL.OGNRPUS.M","Number of Rigs",1246,2004-12-01,2004,12,-0.0072,-0.563636363636364
"184","TOTAL.OGNRPUS.M","Number of Rigs",1262,2004-11-01,2004,11,0.0128,-2.77777777777778
"185","TOTAL.OGNRPUS.M","Number of Rigs",1240,2004-10-01,2004,10,-0.0174,-2.359375
"186","TOTAL.OGNRPUS.M","Number of Rigs",1240,2004-09-01,2004,9,0,-1
"187","TOTAL.OGNRPUS.M","Number of Rigs",1234,2004-08-01,2004,8,-0.0048,0
"188","TOTAL.OGNRPUS.M","Number of Rigs",1213,2004-07-01,2004,7,-0.017,2.54166666666667
"189","TOTAL.OGNRPUS.M","Number of Rigs",1176,2004-06-01,2004,6,-0.0305,0.794117647058823
"190","TOTAL.OGNRPUS.M","Number of Rigs",1164,2004-05-01,2004,5,-0.0102,-0.665573770491803
"191","TOTAL.OGNRPUS.M","Number of Rigs",1151,2004-04-01,2004,4,-0.0112,0.0980392156862744
"192","TOTAL.OGNRPUS.M","Number of Rigs",1135,2004-03-01,2004,3,-0.0139,0.241071428571429
"193","TOTAL.OGNRPUS.M","Number of Rigs",1119,2004-02-01,2004,2,-0.0141,0.0143884892086331
"194","TOTAL.OGNRPUS.M","Number of Rigs",1101,2004-01-01,2004,1,-0.0161,0.141843971631206
"195","TOTAL.OGNRPUS.M","Number of Rigs",1114,2003-12-01,2003,12,0.0118,-1.73291925465839
"196","TOTAL.OGNRPUS.M","Number of Rigs",1111,2003-11-01,2003,11,-0.0027,-1.22881355932203
"197","TOTAL.OGNRPUS.M","Number of Rigs",1102,2003-10-01,2003,10,-0.0081,2
"198","TOTAL.OGNRPUS.M","Number of Rigs",1093,2003-09-01,2003,9,-0.0082,0.0123456790123458
"199","TOTAL.OGNRPUS.M","Number of Rigs",1090,2003-08-01,2003,8,-0.0027,-0.670731707317073
"200","TOTAL.OGNRPUS.M","Number of Rigs",1081,2003-07-01,2003,7,-0.0083,2.07407407407407
"201","TOTAL.OGNRPUS.M","Number of Rigs",1067,2003-06-01,2003,6,-0.013,0.566265060240964
"202","TOTAL.OGNRPUS.M","Number of Rigs",1034,2003-05-01,2003,5,-0.0309,1.37692307692308
"203","TOTAL.OGNRPUS.M","Number of Rigs",983,2003-04-01,2003,4,-0.0493,0.59546925566343
"204","TOTAL.OGNRPUS.M","Number of Rigs",941,2003-03-01,2003,3,-0.0427,-0.133874239350913
"205","TOTAL.OGNRPUS.M","Number of Rigs",907,2003-02-01,2003,2,-0.0361,-0.154566744730679
"206","TOTAL.OGNRPUS.M","Number of Rigs",854,2003-01-01,2003,1,-0.0584,0.617728531855956
"207","TOTAL.OGNRPUS.M","Number of Rigs",856,2002-12-01,2002,12,0.0023,-1.03938356164384
"208","TOTAL.OGNRPUS.M","Number of Rigs",834,2002-11-01,2002,11,-0.0257,-12.1739130434783
"209","TOTAL.OGNRPUS.M","Number of Rigs",851,2002-10-01,2002,10,0.0204,-1.79377431906615
"210","TOTAL.OGNRPUS.M","Number of Rigs",860,2002-09-01,2002,9,0.0106,-0.480392156862745
"211","TOTAL.OGNRPUS.M","Number of Rigs",848,2002-08-01,2002,8,-0.014,-2.32075471698113
"212","TOTAL.OGNRPUS.M","Number of Rigs",851,2002-07-01,2002,7,0.0035,-1.25
"213","TOTAL.OGNRPUS.M","Number of Rigs",842,2002-06-01,2002,6,-0.0106,-4.02857142857143
"214","TOTAL.OGNRPUS.M","Number of Rigs",826,2002-05-01,2002,5,-0.019,0.792452830188679
"215","TOTAL.OGNRPUS.M","Number of Rigs",750,2002-04-01,2002,4,-0.092,3.84210526315789
"216","TOTAL.OGNRPUS.M","Number of Rigs",763,2002-03-01,2002,3,0.0173,-1.18804347826087
"217","TOTAL.OGNRPUS.M","Number of Rigs",825,2002-02-01,2002,2,0.0813,3.69942196531792
"218","TOTAL.OGNRPUS.M","Number of Rigs",867,2002-01-01,2002,1,0.0509,-0.373923739237392
"219","TOTAL.OGNRPUS.M","Number of Rigs",901,2001-12-01,2001,12,0.0392,-0.229862475442043
"220","TOTAL.OGNRPUS.M","Number of Rigs",1000,2001-11-01,2001,11,0.1099,1.80357142857143
"221","TOTAL.OGNRPUS.M","Number of Rigs",1111,2001-10-01,2001,10,0.111,0.0100090991810737
"222","TOTAL.OGNRPUS.M","Number of Rigs",1193,2001-09-01,2001,9,0.0738,-0.335135135135135
"223","TOTAL.OGNRPUS.M","Number of Rigs",1252,2001-08-01,2001,8,0.0495,-0.329268292682927
"224","TOTAL.OGNRPUS.M","Number of Rigs",1278,2001-07-01,2001,7,0.0208,-0.57979797979798
"225","TOTAL.OGNRPUS.M","Number of Rigs",1270,2001-06-01,2001,6,-0.0063,-1.30288461538462
"226","TOTAL.OGNRPUS.M","Number of Rigs",1234,2001-05-01,2001,5,-0.0283,3.49206349206349
"227","TOTAL.OGNRPUS.M","Number of Rigs",1206,2001-04-01,2001,4,-0.0227,-0.197879858657244
"228","TOTAL.OGNRPUS.M","Number of Rigs",1163,2001-03-01,2001,3,-0.0357,0.572687224669604
"229","TOTAL.OGNRPUS.M","Number of Rigs",1136,2001-02-01,2001,2,-0.0232,-0.350140056022409
"230","TOTAL.OGNRPUS.M","Number of Rigs",1118,2001-01-01,2001,1,-0.0158,-0.318965517241379
"231","TOTAL.OGNRPUS.M","Number of Rigs",1097,2000-12-01,2000,12,-0.0188,0.189873417721519
"232","TOTAL.OGNRPUS.M","Number of Rigs",1067,2000-11-01,2000,11,-0.0273,0.452127659574468
"233","TOTAL.OGNRPUS.M","Number of Rigs",1055,2000-10-01,2000,10,-0.0112,-0.58974358974359
"234","TOTAL.OGNRPUS.M","Number of Rigs",1011,2000-09-01,2000,9,-0.0417,2.72321428571429
"235","TOTAL.OGNRPUS.M","Number of Rigs",987,2000-08-01,2000,8,-0.0237,-0.431654676258993
"236","TOTAL.OGNRPUS.M","Number of Rigs",942,2000-07-01,2000,7,-0.0456,0.924050632911393
"237","TOTAL.OGNRPUS.M","Number of Rigs",878,2000-06-01,2000,6,-0.0679,0.489035087719298
"238","TOTAL.OGNRPUS.M","Number of Rigs",844,2000-05-01,2000,5,-0.0387,-0.430044182621502
"239","TOTAL.OGNRPUS.M","Number of Rigs",805,2000-04-01,2000,4,-0.0462,0.193798449612403
"240","TOTAL.OGNRPUS.M","Number of Rigs",773,2000-03-01,2000,3,-0.0398,-0.138528138528138
"241","TOTAL.OGNRPUS.M","Number of Rigs",763,2000-02-01,2000,2,-0.0129,-0.675879396984925
"242","TOTAL.OGNRPUS.M","Number of Rigs",775,2000-01-01,2000,1,0.0157,-2.21705426356589
"243","TOTAL.OGNRPUS.M","Number of Rigs",798,1999-12-01,1999,12,0.0297,0.89171974522293
"244","TOTAL.OGNRPUS.M","Number of Rigs",782,1999-11-01,1999,11,-0.0201,-1.67676767676768
"245","TOTAL.OGNRPUS.M","Number of Rigs",741,1999-10-01,1999,10,-0.0524,1.60696517412935
"246","TOTAL.OGNRPUS.M","Number of Rigs",696,1999-09-01,1999,9,-0.0607,0.158396946564885
"247","TOTAL.OGNRPUS.M","Number of Rigs",639,1999-08-01,1999,8,-0.0819,0.349258649093905
"248","TOTAL.OGNRPUS.M","Number of Rigs",588,1999-07-01,1999,7,-0.0798,-0.0256410256410257
"249","TOTAL.OGNRPUS.M","Number of Rigs",558,1999-06-01,1999,6,-0.051,-0.360902255639098
"250","TOTAL.OGNRPUS.M","Number of Rigs",516,1999-05-01,1999,5,-0.0753,0.476470588235294
"251","TOTAL.OGNRPUS.M","Number of Rigs",496,1999-04-01,1999,4,-0.0388,-0.48472775564409
"252","TOTAL.OGNRPUS.M","Number of Rigs",526,1999-03-01,1999,3,0.0605,-2.55927835051546
"253","TOTAL.OGNRPUS.M","Number of Rigs",542,1999-02-01,1999,2,0.0304,-0.497520661157025
"254","TOTAL.OGNRPUS.M","Number of Rigs",587,1999-01-01,1999,1,0.083,1.73026315789474
"255","TOTAL.OGNRPUS.M","Number of Rigs",647,1998-12-01,1998,12,0.1022,0.231325301204819
"256","TOTAL.OGNRPUS.M","Number of Rigs",688,1998-11-01,1998,11,0.0634,-0.379647749510763
"257","TOTAL.OGNRPUS.M","Number of Rigs",734,1998-10-01,1998,10,0.0669,0.055205047318612
"258","TOTAL.OGNRPUS.M","Number of Rigs",774,1998-09-01,1998,9,0.0545,-0.185351270553064
"259","TOTAL.OGNRPUS.M","Number of Rigs",792,1998-08-01,1998,8,0.0233,-0.572477064220183
"260","TOTAL.OGNRPUS.M","Number of Rigs",816,1998-07-01,1998,7,0.0303,0.300429184549356
"261","TOTAL.OGNRPUS.M","Number of Rigs",854,1998-06-01,1998,6,0.0466,0.537953795379538
"262","TOTAL.OGNRPUS.M","Number of Rigs",855,1998-05-01,1998,5,0.0012,-0.974248927038627
"263","TOTAL.OGNRPUS.M","Number of Rigs",886,1998-04-01,1998,4,0.0363,29.25
"264","TOTAL.OGNRPUS.M","Number of Rigs",932,1998-03-01,1998,3,0.0519,0.429752066115703
"265","TOTAL.OGNRPUS.M","Number of Rigs",974,1998-02-01,1998,2,0.0451,-0.13102119460501
"266","TOTAL.OGNRPUS.M","Number of Rigs",993,1998-01-01,1998,1,0.0195,-0.567627494456763
"267","TOTAL.OGNRPUS.M","Number of Rigs",1013,1997-12-01,1997,12,0.0201,0.0307692307692308
"268","TOTAL.OGNRPUS.M","Number of Rigs",983,1997-11-01,1997,11,-0.0296,-2.4726368159204
"269","TOTAL.OGNRPUS.M","Number of Rigs",996,1997-10-01,1997,10,0.0132,-1.44594594594595
"270","TOTAL.OGNRPUS.M","Number of Rigs",1009,1997-09-01,1997,9,0.0131,-0.00757575757575753
"271","TOTAL.OGNRPUS.M","Number of Rigs",993,1997-08-01,1997,8,-0.0159,-2.21374045801527
"272","TOTAL.OGNRPUS.M","Number of Rigs",969,1997-07-01,1997,7,-0.0242,0.522012578616352
"273","TOTAL.OGNRPUS.M","Number of Rigs",976,1997-06-01,1997,6,0.0072,-1.29752066115702
"274","TOTAL.OGNRPUS.M","Number of Rigs",924,1997-05-01,1997,5,-0.0533,-8.40277777777778
"275","TOTAL.OGNRPUS.M","Number of Rigs",901,1997-04-01,1997,4,-0.0249,-0.532833020637899
"276","TOTAL.OGNRPUS.M","Number of Rigs",897,1997-03-01,1997,3,-0.0044,-0.823293172690763
"277","TOTAL.OGNRPUS.M","Number of Rigs",849,1997-02-01,1997,2,-0.0535,11.1590909090909
"278","TOTAL.OGNRPUS.M","Number of Rigs",822,1997-01-01,1997,1,-0.0318,-0.405607476635514
"279","TOTAL.OGNRPUS.M","Number of Rigs",852,1996-12-01,1996,12,0.0365,-2.14779874213836
"280","TOTAL.OGNRPUS.M","Number of Rigs",848,1996-11-01,1996,11,-0.0047,-1.12876712328767
"281","TOTAL.OGNRPUS.M","Number of Rigs",836,1996-10-01,1996,10,-0.0142,2.02127659574468
"282","TOTAL.OGNRPUS.M","Number of Rigs",811,1996-09-01,1996,9,-0.0299,1.1056338028169
"283","TOTAL.OGNRPUS.M","Number of Rigs",811,1996-08-01,1996,8,0,-1
"284","TOTAL.OGNRPUS.M","Number of Rigs",784,1996-07-01,1996,7,-0.0333,0
"285","TOTAL.OGNRPUS.M","Number of Rigs",774,1996-06-01,1996,6,-0.0128,-0.615615615615616
"286","TOTAL.OGNRPUS.M","Number of Rigs",764,1996-05-01,1996,5,-0.0129,0.00781249999999995
"287","TOTAL.OGNRPUS.M","Number of Rigs",741,1996-04-01,1996,4,-0.0301,1.33333333333333
"288","TOTAL.OGNRPUS.M","Number of Rigs",714,1996-03-01,1996,3,-0.0364,0.209302325581395
"289","TOTAL.OGNRPUS.M","Number of Rigs",700,1996-02-01,1996,2,-0.0196,-0.461538461538462
"290","TOTAL.OGNRPUS.M","Number of Rigs",709,1996-01-01,1996,1,0.0129,-1.65816326530612
"291","TOTAL.OGNRPUS.M","Number of Rigs",763,1995-12-01,1995,12,0.0762,4.90697674418605
"292","TOTAL.OGNRPUS.M","Number of Rigs",772,1995-11-01,1995,11,0.0118,-0.84514435695538
"293","TOTAL.OGNRPUS.M","Number of Rigs",761,1995-10-01,1995,10,-0.0142,-2.20338983050847
"294","TOTAL.OGNRPUS.M","Number of Rigs",765,1995-09-01,1995,9,0.0053,-1.37323943661972
"295","TOTAL.OGNRPUS.M","Number of Rigs",745,1995-08-01,1995,8,-0.0261,-5.92452830188679
"296","TOTAL.OGNRPUS.M","Number of Rigs",723,1995-07-01,1995,7,-0.0295,0.130268199233716
"297","TOTAL.OGNRPUS.M","Number of Rigs",674,1995-06-01,1995,6,-0.0678,1.29830508474576
"298","TOTAL.OGNRPUS.M","Number of Rigs",679,1995-05-01,1995,5,0.0074,-1.10914454277286
"299","TOTAL.OGNRPUS.M","Number of Rigs",678,1995-04-01,1995,4,-0.0015,-1.2027027027027
"300","TOTAL.OGNRPUS.M","Number of Rigs",665,1995-03-01,1995,3,-0.0192,11.8
"301","TOTAL.OGNRPUS.M","Number of Rigs",713,1995-02-01,1995,2,0.0722,-4.76041666666667
"302","TOTAL.OGNRPUS.M","Number of Rigs",748,1995-01-01,1995,1,0.0491,-0.31994459833795
"303","TOTAL.OGNRPUS.M","Number of Rigs",816,1994-12-01,1994,12,0.0909,0.85132382892057
"304","TOTAL.OGNRPUS.M","Number of Rigs",835,1994-11-01,1994,11,0.0233,-0.743674367436744
"305","TOTAL.OGNRPUS.M","Number of Rigs",822,1994-10-01,1994,10,-0.0156,-1.66952789699571
"306","TOTAL.OGNRPUS.M","Number of Rigs",809,1994-09-01,1994,9,-0.0158,0.012820512820513
"307","TOTAL.OGNRPUS.M","Number of Rigs",766,1994-08-01,1994,8,-0.0532,2.36708860759494
"308","TOTAL.OGNRPUS.M","Number of Rigs",771,1994-07-01,1994,7,0.0065,-1.12218045112782
"309","TOTAL.OGNRPUS.M","Number of Rigs",756,1994-06-01,1994,6,-0.0195,-4
"310","TOTAL.OGNRPUS.M","Number of Rigs",716,1994-05-01,1994,5,-0.0529,1.71282051282051
"311","TOTAL.OGNRPUS.M","Number of Rigs",723,1994-04-01,1994,4,0.0098,-1.18525519848771
"312","TOTAL.OGNRPUS.M","Number of Rigs",735,1994-03-01,1994,3,0.0166,0.693877551020408
"313","TOTAL.OGNRPUS.M","Number of Rigs",754,1994-02-01,1994,2,0.0259,0.560240963855422
"314","TOTAL.OGNRPUS.M","Number of Rigs",789,1994-01-01,1994,1,0.0464,0.791505791505791
"315","TOTAL.OGNRPUS.M","Number of Rigs",857,1993-12-01,1993,12,0.0862,0.857758620689655
"316","TOTAL.OGNRPUS.M","Number of Rigs",868,1993-11-01,1993,11,0.0128,-0.851508120649652
"317","TOTAL.OGNRPUS.M","Number of Rigs",860,1993-10-01,1993,10,-0.0092,-1.71875
"318","TOTAL.OGNRPUS.M","Number of Rigs",848,1993-09-01,1993,9,-0.014,0.521739130434783
"319","TOTAL.OGNRPUS.M","Number of Rigs",797,1993-08-01,1993,8,-0.0601,3.29285714285714
"320","TOTAL.OGNRPUS.M","Number of Rigs",741,1993-07-01,1993,7,-0.0703,0.169717138103161
"321","TOTAL.OGNRPUS.M","Number of Rigs",695,1993-06-01,1993,6,-0.0621,-0.116642958748222
"322","TOTAL.OGNRPUS.M","Number of Rigs",637,1993-05-01,1993,5,-0.0835,0.344605475040258
"323","TOTAL.OGNRPUS.M","Number of Rigs",612,1993-04-01,1993,4,-0.0392,-0.530538922155689
"324","TOTAL.OGNRPUS.M","Number of Rigs",611,1993-03-01,1993,3,-0.0016,-0.959183673469388
"325","TOTAL.OGNRPUS.M","Number of Rigs",684,1993-02-01,1993,2,0.1195,-75.6875
"326","TOTAL.OGNRPUS.M","Number of Rigs",824,1993-01-01,1993,1,0.2047,0.712970711297071
"327","TOTAL.OGNRPUS.M","Number of Rigs",926,1992-12-01,1992,12,0.1238,-0.395212506106497
"328","TOTAL.OGNRPUS.M","Number of Rigs",882,1992-11-01,1992,11,-0.0475,-1.38368336025848
"329","TOTAL.OGNRPUS.M","Number of Rigs",803,1992-10-01,1992,10,-0.0896,0.886315789473684
"330","TOTAL.OGNRPUS.M","Number of Rigs",717,1992-09-01,1992,9,-0.1071,0.1953125
"331","TOTAL.OGNRPUS.M","Number of Rigs",686,1992-08-01,1992,8,-0.0432,-0.596638655462185
"332","TOTAL.OGNRPUS.M","Number of Rigs",676,1992-07-01,1992,7,-0.0146,-0.662037037037037
"333","TOTAL.OGNRPUS.M","Number of Rigs",621,1992-06-01,1992,6,-0.0814,4.57534246575342
"334","TOTAL.OGNRPUS.M","Number of Rigs",638,1992-05-01,1992,5,0.0274,-1.33660933660934
"335","TOTAL.OGNRPUS.M","Number of Rigs",642,1992-04-01,1992,4,0.0063,-0.77007299270073
"336","TOTAL.OGNRPUS.M","Number of Rigs",648,1992-03-01,1992,3,0.0093,0.476190476190476
"337","TOTAL.OGNRPUS.M","Number of Rigs",669,1992-02-01,1992,2,0.0324,2.48387096774194
"338","TOTAL.OGNRPUS.M","Number of Rigs",710,1992-01-01,1992,1,0.0613,0.891975308641975
"339","TOTAL.OGNRPUS.M","Number of Rigs",796,1991-12-01,1991,12,0.1211,0.975530179445351
"340","TOTAL.OGNRPUS.M","Number of Rigs",808,1991-11-01,1991,11,0.0151,-0.875309661436829
"341","TOTAL.OGNRPUS.M","Number of Rigs",795,1991-10-01,1991,10,-0.0161,-2.06622516556291
"342","TOTAL.OGNRPUS.M","Number of Rigs",775,1991-09-01,1991,9,-0.0252,0.565217391304348
"343","TOTAL.OGNRPUS.M","Number of Rigs",803,1991-08-01,1991,8,0.0361,-2.43253968253968
"344","TOTAL.OGNRPUS.M","Number of Rigs",844,1991-07-01,1991,7,0.0511,0.415512465373961
"345","TOTAL.OGNRPUS.M","Number of Rigs",867,1991-06-01,1991,6,0.0273,-0.465753424657534
"346","TOTAL.OGNRPUS.M","Number of Rigs",819,1991-05-01,1991,5,-0.0554,-3.02930402930403
"347","TOTAL.OGNRPUS.M","Number of Rigs",865,1991-04-01,1991,4,0.0562,-2.014440433213
"348","TOTAL.OGNRPUS.M","Number of Rigs",929,1991-03-01,1991,3,0.074,0.316725978647687
"349","TOTAL.OGNRPUS.M","Number of Rigs",984,1991-02-01,1991,2,0.0592,-0.2
"350","TOTAL.OGNRPUS.M","Number of Rigs",1068,1991-01-01,1991,1,0.0854,0.442567567567568
"351","TOTAL.OGNRPUS.M","Number of Rigs",1136,1990-12-01,1990,12,0.0637,-0.254098360655738
"352","TOTAL.OGNRPUS.M","Number of Rigs",1137,1990-11-01,1990,11,9e-04,-0.985871271585557
"353","TOTAL.OGNRPUS.M","Number of Rigs",1073,1990-10-01,1990,10,-0.0563,-63.5555555555556
"354","TOTAL.OGNRPUS.M","Number of Rigs",1042,1990-09-01,1990,9,-0.0289,-0.486678507992895
"355","TOTAL.OGNRPUS.M","Number of Rigs",987,1990-08-01,1990,8,-0.0528,0.826989619377163
"356","TOTAL.OGNRPUS.M","Number of Rigs",1010,1990-07-01,1990,7,0.0233,-1.44128787878788
"357","TOTAL.OGNRPUS.M","Number of Rigs",999,1990-06-01,1990,6,-0.0109,-1.46781115879828
"358","TOTAL.OGNRPUS.M","Number of Rigs",961,1990-05-01,1990,5,-0.038,2.48623853211009
"359","TOTAL.OGNRPUS.M","Number of Rigs",935,1990-04-01,1990,4,-0.0271,-0.286842105263158
"360","TOTAL.OGNRPUS.M","Number of Rigs",905,1990-03-01,1990,3,-0.0321,0.18450184501845
"361","TOTAL.OGNRPUS.M","Number of Rigs",911,1990-02-01,1990,2,0.0066,-1.20560747663551
"362","TOTAL.OGNRPUS.M","Number of Rigs",998,1990-01-01,1990,1,0.0955,13.469696969697
"363","TOTAL.OGNRPUS.M","Number of Rigs",1065,1989-12-01,1989,12,0.0671,-0.29738219895288
"364","TOTAL.OGNRPUS.M","Number of Rigs",1041,1989-11-01,1989,11,-0.0225,-1.33532041728763
"365","TOTAL.OGNRPUS.M","Number of Rigs",984,1989-10-01,1989,10,-0.0548,1.43555555555556
"366","TOTAL.OGNRPUS.M","Number of Rigs",955,1989-09-01,1989,9,-0.0295,-0.461678832116788
"367","TOTAL.OGNRPUS.M","Number of Rigs",886,1989-08-01,1989,8,-0.0723,1.45084745762712
"368","TOTAL.OGNRPUS.M","Number of Rigs",832,1989-07-01,1989,7,-0.0609,-0.157676348547718
"369","TOTAL.OGNRPUS.M","Number of Rigs",795,1989-06-01,1989,6,-0.0445,-0.269293924466338
"370","TOTAL.OGNRPUS.M","Number of Rigs",754,1989-05-01,1989,5,-0.0516,0.159550561797753
"371","TOTAL.OGNRPUS.M","Number of Rigs",771,1989-04-01,1989,4,0.0225,-1.43604651162791
"372","TOTAL.OGNRPUS.M","Number of Rigs",753,1989-03-01,1989,3,-0.0233,-2.03555555555556
"373","TOTAL.OGNRPUS.M","Number of Rigs",762,1989-02-01,1989,2,0.012,-1.51502145922747
"374","TOTAL.OGNRPUS.M","Number of Rigs",841,1989-01-01,1989,1,0.1037,7.64166666666667
"375","TOTAL.OGNRPUS.M","Number of Rigs",924,1988-12-01,1988,12,0.0987,-0.0482160077145613
"376","TOTAL.OGNRPUS.M","Number of Rigs",918,1988-11-01,1988,11,-0.0065,-1.06585612968592
"377","TOTAL.OGNRPUS.M","Number of Rigs",923,1988-10-01,1988,10,0.0054,-1.83076923076923
"378","TOTAL.OGNRPUS.M","Number of Rigs",927,1988-09-01,1988,9,0.0043,-0.203703703703704
"379","TOTAL.OGNRPUS.M","Number of Rigs",930,1988-08-01,1988,8,0.0032,-0.255813953488372
"380","TOTAL.OGNRPUS.M","Number of Rigs",912,1988-07-01,1988,7,-0.0194,-7.0625
"381","TOTAL.OGNRPUS.M","Number of Rigs",897,1988-06-01,1988,6,-0.0164,-0.154639175257732
"382","TOTAL.OGNRPUS.M","Number of Rigs",891,1988-05-01,1988,5,-0.0067,-0.591463414634146
"383","TOTAL.OGNRPUS.M","Number of Rigs",917,1988-04-01,1988,4,0.0292,-5.35820895522388
"384","TOTAL.OGNRPUS.M","Number of Rigs",951,1988-03-01,1988,3,0.0371,0.270547945205479
"385","TOTAL.OGNRPUS.M","Number of Rigs",976,1988-02-01,1988,2,0.0263,-0.291105121293801
"386","TOTAL.OGNRPUS.M","Number of Rigs",1076,1988-01-01,1988,1,0.1025,2.89733840304182
"387","TOTAL.OGNRPUS.M","Number of Rigs",1162,1987-12-01,1987,12,0.0799,-0.220487804878049
"388","TOTAL.OGNRPUS.M","Number of Rigs",1152,1987-11-01,1987,11,-0.0086,-1.10763454317897
"389","TOTAL.OGNRPUS.M","Number of Rigs",1124,1987-10-01,1987,10,-0.0243,1.82558139534884
"390","TOTAL.OGNRPUS.M","Number of Rigs",1101,1987-09-01,1987,9,-0.0205,-0.156378600823045
"391","TOTAL.OGNRPUS.M","Number of Rigs",1003,1987-08-01,1987,8,-0.089,3.34146341463415
"392","TOTAL.OGNRPUS.M","Number of Rigs",901,1987-07-01,1987,7,-0.1017,0.142696629213483
"393","TOTAL.OGNRPUS.M","Number of Rigs",788,1987-06-01,1987,6,-0.1254,0.233038348082596
"394","TOTAL.OGNRPUS.M","Number of Rigs",763,1987-05-01,1987,5,-0.0317,-0.747208931419458
"395","TOTAL.OGNRPUS.M","Number of Rigs",754,1987-04-01,1987,4,-0.0118,-0.627760252365931
"396","TOTAL.OGNRPUS.M","Number of Rigs",772,1987-03-01,1987,3,0.0239,-3.02542372881356
"397","TOTAL.OGNRPUS.M","Number of Rigs",818,1987-02-01,1987,2,0.0596,1.49372384937238
"398","TOTAL.OGNRPUS.M","Number of Rigs",900,1987-01-01,1987,1,0.1002,0.681208053691275
"399","TOTAL.OGNRPUS.M","Number of Rigs",963,1986-12-01,1986,12,0.07,-0.301397205588822
"400","TOTAL.OGNRPUS.M","Number of Rigs",899,1986-11-01,1986,11,-0.0665,-1.95
"401","TOTAL.OGNRPUS.M","Number of Rigs",819,1986-10-01,1986,10,-0.089,0.338345864661654
"402","TOTAL.OGNRPUS.M","Number of Rigs",755,1986-09-01,1986,9,-0.0781,-0.122471910112359
"403","TOTAL.OGNRPUS.M","Number of Rigs",730,1986-08-01,1986,8,-0.0331,-0.57618437900128
"404","TOTAL.OGNRPUS.M","Number of Rigs",686,1986-07-01,1986,7,-0.0603,0.821752265861027
"405","TOTAL.OGNRPUS.M","Number of Rigs",705,1986-06-01,1986,6,0.0277,-1.45936981757877
"406","TOTAL.OGNRPUS.M","Number of Rigs",781,1986-05-01,1986,5,0.1078,2.89169675090253
"407","TOTAL.OGNRPUS.M","Number of Rigs",906,1986-04-01,1986,4,0.1601,0.485157699443414
"408","TOTAL.OGNRPUS.M","Number of Rigs",1139,1986-03-01,1986,3,0.2572,0.606495940037477
"409","TOTAL.OGNRPUS.M","Number of Rigs",1444,1986-02-01,1986,2,0.2678,0.0412130637636081
"410","TOTAL.OGNRPUS.M","Number of Rigs",1810,1986-01-01,1986,1,0.2535,-0.0533980582524271
"411","TOTAL.OGNRPUS.M","Number of Rigs",1950,1985-12-01,1985,12,0.0773,-0.695069033530572
"412","TOTAL.OGNRPUS.M","Number of Rigs",1912,1985-11-01,1985,11,-0.0195,-1.2522639068564
"413","TOTAL.OGNRPUS.M","Number of Rigs",1879,1985-10-01,1985,10,-0.0173,-0.112820512820513
"414","TOTAL.OGNRPUS.M","Number of Rigs",1930,1985-09-01,1985,9,0.0271,-2.56647398843931
"415","TOTAL.OGNRPUS.M","Number of Rigs",1931,1985-08-01,1985,8,5e-04,-0.981549815498155
"416","TOTAL.OGNRPUS.M","Number of Rigs",1909,1985-07-01,1985,7,-0.0114,-23.8
"417","TOTAL.OGNRPUS.M","Number of Rigs",1856,1985-06-01,1985,6,-0.0278,1.43859649122807
"418","TOTAL.OGNRPUS.M","Number of Rigs",1865,1985-05-01,1985,5,0.0048,-1.1726618705036
"419","TOTAL.OGNRPUS.M","Number of Rigs",1877,1985-04-01,1985,4,0.0064,0.333333333333334
"420","TOTAL.OGNRPUS.M","Number of Rigs",1955,1985-03-01,1985,3,0.0416,5.5
"421","TOTAL.OGNRPUS.M","Number of Rigs",2188,1985-02-01,1985,2,0.1192,1.86538461538462
"422","TOTAL.OGNRPUS.M","Number of Rigs",2452,1985-01-01,1985,1,0.1207,0.0125838926174497
"423","TOTAL.OGNRPUS.M","Number of Rigs",2713,1984-12-01,1984,12,0.1064,-0.11847555923778
"424","TOTAL.OGNRPUS.M","Number of Rigs",2629,1984-11-01,1984,11,-0.031,-1.29135338345865
"425","TOTAL.OGNRPUS.M","Number of Rigs",2492,1984-10-01,1984,10,-0.0521,0.680645161290323
"426","TOTAL.OGNRPUS.M","Number of Rigs",2420,1984-09-01,1984,9,-0.0289,-0.445297504798465
"427","TOTAL.OGNRPUS.M","Number of Rigs",2417,1984-08-01,1984,8,-0.0012,-0.958477508650519
"428","TOTAL.OGNRPUS.M","Number of Rigs",2386,1984-07-01,1984,7,-0.0128,9.66666666666667
"429","TOTAL.OGNRPUS.M","Number of Rigs",2363,1984-06-01,1984,6,-0.0096,-0.25
"430","TOTAL.OGNRPUS.M","Number of Rigs",2277,1984-05-01,1984,5,-0.0364,2.79166666666667
"431","TOTAL.OGNRPUS.M","Number of Rigs",2120,1984-04-01,1984,4,-0.069,0.895604395604396
"432","TOTAL.OGNRPUS.M","Number of Rigs",2245,1984-03-01,1984,3,0.059,-1.85507246376812
"433","TOTAL.OGNRPUS.M","Number of Rigs",2423,1984-02-01,1984,2,0.0793,0.34406779661017
"434","TOTAL.OGNRPUS.M","Number of Rigs",2666,1984-01-01,1984,1,0.1003,0.264817150063052
"435","TOTAL.OGNRPUS.M","Number of Rigs",2780,1983-12-01,1983,12,0.0428,-0.573280159521436
"436","TOTAL.OGNRPUS.M","Number of Rigs",2572,1983-11-01,1983,11,-0.0748,-2.74766355140187
"437","TOTAL.OGNRPUS.M","Number of Rigs",2382,1983-10-01,1983,10,-0.0739,-0.0120320855614975
"438","TOTAL.OGNRPUS.M","Number of Rigs",2252,1983-09-01,1983,9,-0.0546,-0.261163734776725
"439","TOTAL.OGNRPUS.M","Number of Rigs",2156,1983-08-01,1983,8,-0.0426,-0.21978021978022
"440","TOTAL.OGNRPUS.M","Number of Rigs",2039,1983-07-01,1983,7,-0.0543,0.274647887323944
"441","TOTAL.OGNRPUS.M","Number of Rigs",1979,1983-06-01,1983,6,-0.0294,-0.458563535911602
"442","TOTAL.OGNRPUS.M","Number of Rigs",1926,1983-05-01,1983,5,-0.0268,-0.0884353741496598
"443","TOTAL.OGNRPUS.M","Number of Rigs",1846,1983-04-01,1983,4,-0.0415,0.548507462686567
"444","TOTAL.OGNRPUS.M","Number of Rigs",2003,1983-03-01,1983,3,0.085,-3.04819277108434
"445","TOTAL.OGNRPUS.M","Number of Rigs",2192,1983-02-01,1983,2,0.0944,0.110588235294118
"446","TOTAL.OGNRPUS.M","Number of Rigs",2622,1983-01-01,1983,1,0.1962,1.07838983050847
"447","TOTAL.OGNRPUS.M","Number of Rigs",2696,1982-12-01,1982,12,0.0282,-0.856269113149847
"448","TOTAL.OGNRPUS.M","Number of Rigs",2500,1982-11-01,1982,11,-0.0727,-3.57801418439716
"449","TOTAL.OGNRPUS.M","Number of Rigs",2402,1982-10-01,1982,10,-0.0392,-0.460797799174691
"450","TOTAL.OGNRPUS.M","Number of Rigs",2483,1982-09-01,1982,9,0.0337,-1.85969387755102
"451","TOTAL.OGNRPUS.M","Number of Rigs",2620,1982-08-01,1982,8,0.0552,0.637982195845697
"452","TOTAL.OGNRPUS.M","Number of Rigs",2746,1982-07-01,1982,7,0.0481,-0.128623188405797
"453","TOTAL.OGNRPUS.M","Number of Rigs",2908,1982-06-01,1982,6,0.059,0.226611226611227
"454","TOTAL.OGNRPUS.M","Number of Rigs",3178,1982-05-01,1982,5,0.0928,0.572881355932203
"455","TOTAL.OGNRPUS.M","Number of Rigs",3460,1982-04-01,1982,4,0.0887,-0.0441810344827585
"456","TOTAL.OGNRPUS.M","Number of Rigs",3816,1982-03-01,1982,3,0.1029,0.160090191657272
"457","TOTAL.OGNRPUS.M","Number of Rigs",4160,1982-02-01,1982,2,0.0901,-0.124392614188533
"458","TOTAL.OGNRPUS.M","Number of Rigs",4436,1982-01-01,1982,1,0.0663,-0.264150943396226
"459","TOTAL.OGNRPUS.M","Number of Rigs",4521,1981-12-01,1981,12,0.0192,-0.710407239819005
"460","TOTAL.OGNRPUS.M","Number of Rigs",4436,1981-11-01,1981,11,-0.0188,-1.97916666666667
"461","TOTAL.OGNRPUS.M","Number of Rigs",4352,1981-10-01,1981,10,-0.0189,0.00531914893617018
"462","TOTAL.OGNRPUS.M","Number of Rigs",4242,1981-09-01,1981,9,-0.0253,0.338624338624339
"463","TOTAL.OGNRPUS.M","Number of Rigs",4131,1981-08-01,1981,8,-0.0262,0.0355731225296443
"464","TOTAL.OGNRPUS.M","Number of Rigs",3998,1981-07-01,1981,7,-0.0322,0.229007633587786
"465","TOTAL.OGNRPUS.M","Number of Rigs",3926,1981-06-01,1981,6,-0.018,-0.440993788819876
"466","TOTAL.OGNRPUS.M","Number of Rigs",3817,1981-05-01,1981,5,-0.0278,0.544444444444445
"467","TOTAL.OGNRPUS.M","Number of Rigs",3728,1981-04-01,1981,4,-0.0233,-0.161870503597122
"468","TOTAL.OGNRPUS.M","Number of Rigs",3595,1981-03-01,1981,3,-0.0357,0.532188841201717
"469","TOTAL.OGNRPUS.M","Number of Rigs",3502,1981-02-01,1981,2,-0.0259,-0.274509803921569
"470","TOTAL.OGNRPUS.M","Number of Rigs",3386,1981-01-01,1981,1,-0.0331,0.277992277992278
"471","TOTAL.OGNRPUS.M","Number of Rigs",3286,1980-12-01,1980,12,-0.0295,-0.108761329305136
"472","TOTAL.OGNRPUS.M","Number of Rigs",3220,1980-11-01,1980,11,-0.0201,-0.31864406779661
"473","TOTAL.OGNRPUS.M","Number of Rigs",3149,1980-10-01,1980,10,-0.022,0.0945273631840795
"474","TOTAL.OGNRPUS.M","Number of Rigs",3099,1980-09-01,1980,9,-0.0159,-0.277272727272727
"475","TOTAL.OGNRPUS.M","Number of Rigs",3045,1980-08-01,1980,8,-0.0174,0.0943396226415093
"476","TOTAL.OGNRPUS.M","Number of Rigs",2953,1980-07-01,1980,7,-0.0302,0.735632183908046
"477","TOTAL.OGNRPUS.M","Number of Rigs",2850,1980-06-01,1980,6,-0.0349,0.155629139072848
"478","TOTAL.OGNRPUS.M","Number of Rigs",2797,1980-05-01,1980,5,-0.0186,-0.467048710601719
"479","TOTAL.OGNRPUS.M","Number of Rigs",2683,1980-04-01,1980,4,-0.0408,1.19354838709677
"480","TOTAL.OGNRPUS.M","Number of Rigs",2658,1980-03-01,1980,3,-0.0093,-0.772058823529412
"481","TOTAL.OGNRPUS.M","Number of Rigs",2613,1980-02-01,1980,2,-0.0169,0.817204301075269
"482","TOTAL.OGNRPUS.M","Number of Rigs",2571,1980-01-01,1980,1,-0.0161,-0.0473372781065088
"483","TOTAL.OGNRPUS.M","Number of Rigs",2552,1979-12-01,1979,12,-0.0074,-0.540372670807453
"484","TOTAL.OGNRPUS.M","Number of Rigs",2460,1979-11-01,1979,11,-0.0361,3.87837837837838
"485","TOTAL.OGNRPUS.M","Number of Rigs",2380,1979-10-01,1979,10,-0.0325,-0.0997229916897507
"486","TOTAL.OGNRPUS.M","Number of Rigs",2284,1979-09-01,1979,9,-0.0403,0.24
"487","TOTAL.OGNRPUS.M","Number of Rigs",2222,1979-08-01,1979,8,-0.0271,-0.327543424317618
"488","TOTAL.OGNRPUS.M","Number of Rigs",2094,1979-07-01,1979,7,-0.0576,1.12546125461255
"489","TOTAL.OGNRPUS.M","Number of Rigs",1999,1979-06-01,1979,6,-0.0454,-0.211805555555555
"490","TOTAL.OGNRPUS.M","Number of Rigs",1960,1979-05-01,1979,5,-0.0195,-0.570484581497797
"491","TOTAL.OGNRPUS.M","Number of Rigs",1943,1979-04-01,1979,4,-0.0087,-0.553846153846154
"492","TOTAL.OGNRPUS.M","Number of Rigs",1971,1979-03-01,1979,3,0.0144,-2.6551724137931
"493","TOTAL.OGNRPUS.M","Number of Rigs",2064,1979-02-01,1979,2,0.0472,2.27777777777778
"494","TOTAL.OGNRPUS.M","Number of Rigs",2199,1979-01-01,1979,1,0.0654,0.385593220338983
"495","TOTAL.OGNRPUS.M","Number of Rigs",2286,1978-12-01,1978,12,0.0396,-0.394495412844037
"496","TOTAL.OGNRPUS.M","Number of Rigs",2356,1978-11-01,1978,11,0.0306,-0.227272727272727
"497","TOTAL.OGNRPUS.M","Number of Rigs",2346,1978-10-01,1978,10,-0.0042,-1.13725490196078
"498","TOTAL.OGNRPUS.M","Number of Rigs",2332,1978-09-01,1978,9,-0.006,0.428571428571429
"499","TOTAL.OGNRPUS.M","Number of Rigs",2325,1978-08-01,1978,8,-0.003,-0.5
"500","TOTAL.OGNRPUS.M","Number of Rigs",2307,1978-07-01,1978,7,-0.0077,1.56666666666667
"501","TOTAL.OGNRPUS.M","Number of Rigs",2287,1978-06-01,1978,6,-0.0087,0.12987012987013
"502","TOTAL.OGNRPUS.M","Number of Rigs",2249,1978-05-01,1978,5,-0.0166,0.908045977011494
"503","TOTAL.OGNRPUS.M","Number of Rigs",2198,1978-04-01,1978,4,-0.0227,0.367469879518072
"504","TOTAL.OGNRPUS.M","Number of Rigs",2159,1978-03-01,1978,3,-0.0177,-0.220264317180617
"505","TOTAL.OGNRPUS.M","Number of Rigs",2135,1978-02-01,1978,2,-0.0111,-0.372881355932203
"506","TOTAL.OGNRPUS.M","Number of Rigs",2128,1978-01-01,1978,1,-0.0033,-0.702702702702703
"507","TOTAL.OGNRPUS.M","Number of Rigs",2141,1977-12-01,1977,12,0.0061,-2.84848484848485
"508","TOTAL.OGNRPUS.M","Number of Rigs",2113,1977-11-01,1977,11,-0.0131,-3.14754098360656
"509","TOTAL.OGNRPUS.M","Number of Rigs",2101,1977-10-01,1977,10,-0.0057,-0.564885496183206
"510","TOTAL.OGNRPUS.M","Number of Rigs",2084,1977-09-01,1977,9,-0.0081,0.421052631578947
"511","TOTAL.OGNRPUS.M","Number of Rigs",2066,1977-08-01,1977,8,-0.0086,0.0617283950617285
"512","TOTAL.OGNRPUS.M","Number of Rigs",2023,1977-07-01,1977,7,-0.0208,1.41860465116279
"513","TOTAL.OGNRPUS.M","Number of Rigs",2008,1977-06-01,1977,6,-0.0074,-0.644230769230769
"514","TOTAL.OGNRPUS.M","Number of Rigs",1982,1977-05-01,1977,5,-0.0129,0.743243243243243
"515","TOTAL.OGNRPUS.M","Number of Rigs",1907,1977-04-01,1977,4,-0.0378,1.93023255813953
"516","TOTAL.OGNRPUS.M","Number of Rigs",1887,1977-03-01,1977,3,-0.0105,-0.722222222222222
"517","TOTAL.OGNRPUS.M","Number of Rigs",1856,1977-02-01,1977,2,-0.0164,0.561904761904762
"518","TOTAL.OGNRPUS.M","Number of Rigs",1850,1977-01-01,1977,1,-0.0032,-0.804878048780488
"519","TOTAL.OGNRPUS.M","Number of Rigs",1861,1976-12-01,1976,12,0.0059,-2.84375
"520","TOTAL.OGNRPUS.M","Number of Rigs",1840,1976-11-01,1976,11,-0.0113,-2.91525423728814
"521","TOTAL.OGNRPUS.M","Number of Rigs",1794,1976-10-01,1976,10,-0.025,1.21238938053097
"522","TOTAL.OGNRPUS.M","Number of Rigs",1744,1976-09-01,1976,9,-0.0279,0.116
"523","TOTAL.OGNRPUS.M","Number of Rigs",1691,1976-08-01,1976,8,-0.0304,0.089605734767025
"524","TOTAL.OGNRPUS.M","Number of Rigs",1597,1976-07-01,1976,7,-0.0556,0.828947368421053
"525","TOTAL.OGNRPUS.M","Number of Rigs",1546,1976-06-01,1976,6,-0.0319,-0.426258992805755
"526","TOTAL.OGNRPUS.M","Number of Rigs",1496,1976-05-01,1976,5,-0.0323,0.0125391849529782
"527","TOTAL.OGNRPUS.M","Number of Rigs",1480,1976-04-01,1976,4,-0.0107,-0.668730650154799
"528","TOTAL.OGNRPUS.M","Number of Rigs",1540,1976-03-01,1976,3,0.0405,-4.78504672897196
"529","TOTAL.OGNRPUS.M","Number of Rigs",1594,1976-02-01,1976,2,0.0351,-0.133333333333333
"530","TOTAL.OGNRPUS.M","Number of Rigs",1711,1976-01-01,1976,1,0.0734,1.09116809116809
"531","TOTAL.OGNRPUS.M","Number of Rigs",1793,1975-12-01,1975,12,0.0479,-0.347411444141689
"532","TOTAL.OGNRPUS.M","Number of Rigs",1757,1975-11-01,1975,11,-0.0201,-1.419624217119
"533","TOTAL.OGNRPUS.M","Number of Rigs",1716,1975-10-01,1975,10,-0.0233,0.159203980099503
"534","TOTAL.OGNRPUS.M","Number of Rigs",1699,1975-09-01,1975,9,-0.0099,-0.575107296137339
"535","TOTAL.OGNRPUS.M","Number of Rigs",1645,1975-08-01,1975,8,-0.0318,2.21212121212121
"536","TOTAL.OGNRPUS.M","Number of Rigs",1617,1975-07-01,1975,7,-0.017,-0.465408805031447
"537","TOTAL.OGNRPUS.M","Number of Rigs",1613,1975-06-01,1975,6,-0.0025,-0.852941176470588
"538","TOTAL.OGNRPUS.M","Number of Rigs",1592,1975-05-01,1975,5,-0.013,4.2
"539","TOTAL.OGNRPUS.M","Number of Rigs",1605,1975-04-01,1975,4,0.0082,-1.63076923076923
"540","TOTAL.OGNRPUS.M","Number of Rigs",1651,1975-03-01,1975,3,0.0287,2.5
"541","TOTAL.OGNRPUS.M","Number of Rigs",1611,1975-02-01,1975,2,-0.0242,-1.84320557491289
"542","TOTAL.OGNRPUS.M","Number of Rigs",1615,1975-01-01,1975,1,0.0025,-1.10330578512397
"543","TOTAL.OGNRPUS.M","Number of Rigs",1643,1974-12-01,1974,12,0.0173,5.92
"544","TOTAL.OGNRPUS.M","Number of Rigs",1596,1974-11-01,1974,11,-0.0286,-2.65317919075145
"545","TOTAL.OGNRPUS.M","Number of Rigs",1584,1974-10-01,1974,10,-0.0075,-0.737762237762238
"546","TOTAL.OGNRPUS.M","Number of Rigs",1527,1974-09-01,1974,9,-0.036,3.8
"547","TOTAL.OGNRPUS.M","Number of Rigs",1518,1974-08-01,1974,8,-0.0059,-0.836111111111111
"548","TOTAL.OGNRPUS.M","Number of Rigs",1480,1974-07-01,1974,7,-0.025,3.23728813559322
"549","TOTAL.OGNRPUS.M","Number of Rigs",1432,1974-06-01,1974,6,-0.0324,0.296
"550","TOTAL.OGNRPUS.M","Number of Rigs",1413,1974-05-01,1974,5,-0.0133,-0.589506172839506
"551","TOTAL.OGNRPUS.M","Number of Rigs",1381,1974-04-01,1974,4,-0.0226,0.699248120300752
"552","TOTAL.OGNRPUS.M","Number of Rigs",1367,1974-03-01,1974,3,-0.0101,-0.553097345132743
"553","TOTAL.OGNRPUS.M","Number of Rigs",1355,1974-02-01,1974,2,-0.0088,-0.128712871287129
"554","TOTAL.OGNRPUS.M","Number of Rigs",1372,1974-01-01,1974,1,0.0125,-2.42045454545455
"555","TOTAL.OGNRPUS.M","Number of Rigs",1405,1973-12-01,1973,12,0.0241,0.928
"556","TOTAL.OGNRPUS.M","Number of Rigs",1390,1973-11-01,1973,11,-0.0107,-1.44398340248963
"557","TOTAL.OGNRPUS.M","Number of Rigs",1334,1973-10-01,1973,10,-0.0403,2.76635514018692
"558","TOTAL.OGNRPUS.M","Number of Rigs",1266,1973-09-01,1973,9,-0.051,0.265508684863523
"559","TOTAL.OGNRPUS.M","Number of Rigs",1222,1973-08-01,1973,8,-0.0348,-0.317647058823529
"560","TOTAL.OGNRPUS.M","Number of Rigs",1156,1973-07-01,1973,7,-0.054,0.551724137931035
"561","TOTAL.OGNRPUS.M","Number of Rigs",1118,1973-06-01,1973,6,-0.0329,-0.390740740740741
"562","TOTAL.OGNRPUS.M","Number of Rigs",1046,1973-05-01,1973,5,-0.0644,0.957446808510638
"563","TOTAL.OGNRPUS.M","Number of Rigs",993,1973-04-01,1973,4,-0.0507,-0.212732919254658
"564","TOTAL.OGNRPUS.M","Number of Rigs",1049,1973-03-01,1973,3,0.0564,-2.11242603550296
"565","TOTAL.OGNRPUS.M","Number of Rigs",1126,1973-02-01,1973,2,0.0734,0.301418439716312
"566","TOTAL.OGNRPUS.M","Number of Rigs",1219,1973-01-01,1973,1,0.0826,0.125340599455041
